ラテン文字,アラビア文字

%%%%%%%%%%%%%%%%%%%%,####################

%%%%%,# ラテン文字/符号

%%%%%,## 母音

%%%%%,### 長母音

ā,< @!!!!!@@<< @!@!!!!@<< @!!!!!@@<
A,< @!!!!!@@<< @!@!!!!@<< @!!!!!@@<
ā,< @!@!!!!@<< @!!!!!@@<
A,< @!@!!!!@<< @!!!!!@@<
ū,< @!!!!!@@<< @!!!!!!@<< @!!!@!!!<
U,< @!!!!!@@<< @!!!!!!@<< @!!!@!!!<
ū,< @!!!!!!@<< @!!!@!!!<
U,< @!!!!!!@<< @!!!@!!!<
ī,< @!!!!!@@<< @!@!!!!!<< @!!!!@@!<
I,< @!!!!!@@<< @!@!!!!!<< @!!!!@@!<
ī,< @!@!!!!!<< @!!!!@@!<
I,< @!@!!!!!<< @!!!!@@!<

%%%%%,### アリフマクスーラ

ā,< @!!!!!@@<< @!@!!!!@<< @!@!!!!! @!!!!!@@<
ā,< @!@!!!!@<< @!@!!!!! @!!!!!@@<
_A,< @!!!!!@@<< @!@!!!!@<< @!@!!!!! @!!!!!@@<
_A,< @!@!!!!@<< @!@!!!!! @!!!!!@@<

%%%%%,### 二重母音

ai,< @!!!!!@@<< @!@!!!!@<< @!!!!@@!<< @@!@!@!@<
ai,< @!@!!!!@<< @!!!!@@!<< @@!@!@!@<
au,< @!!!!!@@<< @!@!!!!@<< @!!!@!!!<< @@!@!@!@<
au,< @!@!!!!@<< @!!!@!!!<< @@!@!@!@<

%%%%%,### タンウィーン

_an,< @!!!!!@@<< @@!!!!@! @!@!!!!@<
an,< @!!!!!@@<< @@!!!!@! @!@!!!!@<< @!!!!!@@<
an,< @@!!!!@! @!@!!!!@<
un,< @!!!!!@@<< @@!!!!@! @!!!!!!@<
un,< @@!!!!@! @!!!!!!@<
in,< @!!!!!@@<< @@!!!!@! @!@!!!!!<
in,< @@!!!!@! @!@!!!!!<

%%%%%,### 短母音

a,< @!!!!!@@<< @!@!!!!@<
a,< @!@!!!!@<
u,< @!!!!!@@<< @!!!!!!@<
u,< @!!!!!!@<
i,< @!!!!!@@<< @!@!!!!!<
i,< @!@!!!!!<

%%%%%,## 子音

%%%%%,### スクーン付き

b,< @!!@@@!@<< @@!@!@!@<
ṯ,< @!!!@!@@ @!!@!@@@<< @@!@!@!@<
th,< @!!!@!@@ @!!@!@@@<< @@!@!@!@<
_t,< @!@!!!!! @!!!@!@@<< @@!@!@!@<
t,< @!!!@!@@<< @@!@!@!@<
ǧ,< @!!@!@!@<< @@!@!@!@<
j,< @!!@!@!@<< @@!@!@!@<
ḥ,< @!@@!@@@<< @@!@!@!@<
H,< @!@@!@@@<< @@!@!@!@<
ḫ,< @!!@!@!! @!!@!@@@<< @@!@!@!@<
kh,< @!!@!@!! @!!@!@@@<< @@!@!@!@<
ḏ,< @!!@@!@@ @!!@!@@@<< @@!@!@!@<
dh,< @!!@@!@@ @!!@!@@@<< @@!@!@!@<
d,< @!!@@!@@<< @@!@!@!@<
r,< @!!!@@!@<< @@!@!@!@<
z,< @!!!!@!@<< @@!@!@!@<
š,< @!!!@@!! @!!@!@@@<< @@!@!@!@<
sh,< @!!!@@!! @!!@!@@@<< @@!@!@!@<
s,< @!!!@@!!<< @@!@!@!@<
ṣ,< @!@!@@!!<< @@!@!@!@<
S,< @!@!@@!!<< @@!@!@!@<
ḍ,< @!@@@!@@<< @@!@!@!@<
D,< @!@@@!@@<< @@!@!@!@<
ṭ,< @!@!@!@@<< @@!@!@!@<
T,< @!@!@!@@<< @@!@!@!@<
ẓ,< @!@!!@!@<< @@!@!@!@<
Z,< @!@!!@!@<< @@!@!@!@<
‘,< @!!@@@@@<< @@!@!@!@<
`,< @!!@@@@@<< @@!@!@!@<
ʿ,< @!!@@@@@<< @@!@!@!@<
ġ,< @!!@@!!! @!!@!@@@<< @@!@!@!@<
gh,< @!!@@!!! @!!@!@@@<< @@!@!@!@<
f,< @!!@@!!@<< @@!@!@!@<
q,< @!!!@@@!<< @@!@!@!@<
k,< @!!@!@!!<< @@!@!@!@<
l,< @!!@!!@@<< @@!@!@!@<
m,< @!!@!!@!<< @@!@!@!@<
n,< @!!@!!!@<< @@!@!@!@<
h,< @!!@!@@@<< @@!@!@!@<
w,< @!!!@!!!<< @@!@!@!@<
y,< @!!!!@@!<< @@!@!@!@<
ʼ,< @@!@@!!!<< @@!@!@!@<
',< @@!@@!!!<< @@!@!@!@<
ʾ,< @@!@@!!!<< @@!@!@!@<

%%%%%,###  スクーン無し

,< @!@!!!!! @!!!!!@@<
_|,< @!@!!!!! @!!!!!@@<
,< @!!!!!!@ @!!!!!@@<
~|,< @!!!!!!@ @!!!!!@@<
,< @!@!!!!@ @!!!!!@@<
^|,< @!@!!!!@ @!!!!!@@<
,< @!!!!!@@<
|,< @!!!!!@@<
b,< @!!@@@!@<
ṯ,< @!!!@!@@ @!!@!@@@<
t,< @!!!@!@@<
ǧ,< @!!@!@!@<
ḥ,< @!@@!@@@<
ḫ,< @!!@!@!! @!!@!@@@<
ḏ,< @!!@@!@@ @!!@!@@@<
d,< @!!@@!@@<
r,< @!!!@@!@<
z,< @!!!!@!@<
š,< @!!!@@!! @!!@!@@@<
s,< @!!!@@!!<
ṣ,< @!@!@@!!<
ḍ,< @!@@@!@@<
ṭ,< @!@!@!@@<
ẓ,< @!@!!@!@<
‘,< @!!@@@@@<
ġ,< @!!@@!!! @!!@!@@@<
f,< @!!@@!!@<
q,< @!!!@@@!<
k,< @!!@!@!!<
l,< @!!@!!@@<
m,< @!!@!!@!<
n,< @!!@!!!@<
h,< @!!@!@@@<
w,< @!!!@!!!<
y,< @!!!!@@!<
ʾ,< @@!@@!!!<

%%%%%,## 記号

-,< @@!@!!@!<
/,< @@!@!!!!<

%%%%%,## 逆変換のとき_を削除

,_

%%%%%%%%%%%%%%%%%%%%,####################

%%%%%,# 符号/符号

%%%%%,## 定冠詞

%%%%%,### 太陽文字のとき aC*-C <-> al*-C

: @!!!!!@@:: @!@!!!!@:: @!!!@!@@:: @@!@!@!@:: @@!@!!@!:: @!!!@!@@:: @@!@!@!@:,: @!!!!!@@:: @!@!!!!@:: @!!@!!@@:: @@!@!!@!:: @!!!@!@@:: @@!@!@!@:
: @!!!!!@@:: @!@!!!!@:: @!!!@!@@ @!!@!@@@:: @@!@!@!@:: @@!@!!@!:: @!!!@!@@ @!!@!@@@:: @@!@!@!@:,: @!!!!!@@:: @!@!!!!@:: @!!@!!@@:: @@!@!!@!:: @!!!@!@@ @!!@!@@@:: @@!@!@!@:
: @!!!!!@@:: @!@!!!!@:: @!!@@!@@:: @@!@!@!@:: @@!@!!@!:: @!!@@!@@:: @@!@!@!@:,: @!!!!!@@:: @!@!!!!@:: @!!@!!@@:: @@!@!!@!:: @!!@@!@@:: @@!@!@!@:
: @!!!!!@@:: @!@!!!!@:: @!!@@!@@ @!!@!@@@:: @@!@!@!@:: @@!@!!@!:: @!!@@!@@ @!!@!@@@:: @@!@!@!@:,: @!!!!!@@:: @!@!!!!@:: @!!@!!@@:: @@!@!!@!:: @!!@@!@@ @!!@!@@@:: @@!@!@!@:
: @!!!!!@@:: @!@!!!!@:: @!!!@@!@:: @@!@!@!@:: @@!@!!@!:: @!!!@@!@:: @@!@!@!@:,: @!!!!!@@:: @!@!!!!@:: @!!@!!@@:: @@!@!!@!:: @!!!@@!@:: @@!@!@!@:
: @!!!!!@@:: @!@!!!!@:: @!!!!@!@:: @@!@!@!@:: @@!@!!@!:: @!!!!@!@:: @@!@!@!@:,: @!!!!!@@:: @!@!!!!@:: @!!@!!@@:: @@!@!!@!:: @!!!!@!@:: @@!@!@!@:
: @!!!!!@@:: @!@!!!!@:: @!!!@@!!:: @@!@!@!@:: @@!@!!@!:: @!!!@@!!:: @@!@!@!@:,: @!!!!!@@:: @!@!!!!@:: @!!@!!@@:: @@!@!!@!:: @!!!@@!!:: @@!@!@!@:
: @!!!!!@@:: @!@!!!!@:: @!!!@@!! @!!@!@@@:: @@!@!@!@:: @@!@!!@!:: @!!!@@!! @!!@!@@@:: @@!@!@!@:,: @!!!!!@@:: @!@!!!!@:: @!!@!!@@:: @@!@!!@!:: @!!!@@!! @!!@!@@@:: @@!@!@!@:
: @!!!!!@@:: @!@!!!!@:: @!@!@@!!:: @@!@!@!@:: @@!@!!@!:: @!@!@@!!:: @@!@!@!@:,: @!!!!!@@:: @!@!!!!@:: @!!@!!@@:: @@!@!!@!:: @!@!@@!!:: @@!@!@!@:
: @!!!!!@@:: @!@!!!!@:: @!@@@!@@:: @@!@!@!@:: @@!@!!@!:: @!@@@!@@:: @@!@!@!@:,: @!!!!!@@:: @!@!!!!@:: @!!@!!@@:: @@!@!!@!:: @!@@@!@@:: @@!@!@!@:
: @!!!!!@@:: @!@!!!!@:: @!@!@!@@:: @@!@!@!@:: @@!@!!@!:: @!@!@!@@:: @@!@!@!@:,: @!!!!!@@:: @!@!!!!@:: @!!@!!@@:: @@!@!!@!:: @!@!@!@@:: @@!@!@!@:
: @!!!!!@@:: @!@!!!!@:: @!@!!@!@:: @@!@!@!@:: @@!@!!@!:: @!@!!@!@:: @@!@!@!@:,: @!!!!!@@:: @!@!!!!@:: @!!@!!@@:: @@!@!!@!:: @!@!!@!@:: @@!@!@!@:
: @!!!!!@@:: @!@!!!!@:: @!!@!!!@:: @@!@!@!@:: @@!@!!@!:: @!!@!!!@:: @@!@!@!@:,: @!!!!!@@:: @!@!!!!@:: @!!@!!@@:: @@!@!!@!:: @!!@!!!@:: @@!@!@!@:

%%%%%,### 太陽文字のとき al*-C <-> al-C#

: @!!!!!@@:: @!@!!!!@:: @!!@!!@@:: @@!@!!@!:: @!!!@!@@:: @@!@!@!@:,: @!!!!!@@:: @!@!!!!@:: @!!@!!@@:: @@!@!!@!:: @!!!@!@@:: @@!@@@!!:: @@!@!@!@:
: @!!!!!@@:: @!@!!!!@:: @!!@!!@@:: @@!@!!@!:: @!!!@!@@:: @@!@!@!@:,: @!!!!!@@:: @!@!!!!@:: @!!@!!@@:: @@!@!!@!:: @!!!@!@@:: @@!@@@!!:
: @!!!!!@@:: @!@!!!!@:: @!!@!!@@:: @@!@!!@!:: @!!!@!@@ @!!@!@@@:: @@!@!@!@:,: @!!!!!@@:: @!@!!!!@:: @!!@!!@@:: @@!@!!@!:: @!!!@!@@ @!!@!@@@:: @@!@@@!!:: @@!@!@!@:
: @!!!!!@@:: @!@!!!!@:: @!!@!!@@:: @@!@!!@!:: @!!!@!@@ @!!@!@@@:: @@!@!@!@:,: @!!!!!@@:: @!@!!!!@:: @!!@!!@@:: @@!@!!@!:: @!!!@!@@ @!!@!@@@:: @@!@@@!!:
: @!!!!!@@:: @!@!!!!@:: @!!@!!@@:: @@!@!!@!:: @!!@@!@@:: @@!@!@!@:,: @!!!!!@@:: @!@!!!!@:: @!!@!!@@:: @@!@!!@!:: @!!@@!@@:: @@!@@@!!:: @@!@!@!@:
: @!!!!!@@:: @!@!!!!@:: @!!@!!@@:: @@!@!!@!:: @!!@@!@@:: @@!@!@!@:,: @!!!!!@@:: @!@!!!!@:: @!!@!!@@:: @@!@!!@!:: @!!@@!@@:: @@!@@@!!:
: @!!!!!@@:: @!@!!!!@:: @!!@!!@@:: @@!@!!@!:: @!!@@!@@ @!!@!@@@:: @@!@!@!@:,: @!!!!!@@:: @!@!!!!@:: @!!@!!@@:: @@!@!!@!:: @!!@@!@@ @!!@!@@@:: @@!@@@!!:: @@!@!@!@:
: @!!!!!@@:: @!@!!!!@:: @!!@!!@@:: @@!@!!@!:: @!!@@!@@ @!!@!@@@:: @@!@!@!@:,: @!!!!!@@:: @!@!!!!@:: @!!@!!@@:: @@!@!!@!:: @!!@@!@@ @!!@!@@@:: @@!@@@!!:
: @!!!!!@@:: @!@!!!!@:: @!!@!!@@:: @@!@!!@!:: @!!!@@!@:: @@!@!@!@:,: @!!!!!@@:: @!@!!!!@:: @!!@!!@@:: @@!@!!@!:: @!!!@@!@:: @@!@@@!!:: @@!@!@!@:
: @!!!!!@@:: @!@!!!!@:: @!!@!!@@:: @@!@!!@!:: @!!!@@!@:: @@!@!@!@:,: @!!!!!@@:: @!@!!!!@:: @!!@!!@@:: @@!@!!@!:: @!!!@@!@:: @@!@@@!!:
: @!!!!!@@:: @!@!!!!@:: @!!@!!@@:: @@!@!!@!:: @!!!!@!@:: @@!@!@!@:,: @!!!!!@@:: @!@!!!!@:: @!!@!!@@:: @@!@!!@!:: @!!!!@!@:: @@!@@@!!:: @@!@!@!@:
: @!!!!!@@:: @!@!!!!@:: @!!@!!@@:: @@!@!!@!:: @!!!!@!@:: @@!@!@!@:,: @!!!!!@@:: @!@!!!!@:: @!!@!!@@:: @@!@!!@!:: @!!!!@!@:: @@!@@@!!:
: @!!!!!@@:: @!@!!!!@:: @!!@!!@@:: @@!@!!@!:: @!!!@@!!:: @@!@!@!@:,: @!!!!!@@:: @!@!!!!@:: @!!@!!@@:: @@!@!!@!:: @!!!@@!!:: @@!@@@!!:: @@!@!@!@:
: @!!!!!@@:: @!@!!!!@:: @!!@!!@@:: @@!@!!@!:: @!!!@@!!:: @@!@!@!@:,: @!!!!!@@:: @!@!!!!@:: @!!@!!@@:: @@!@!!@!:: @!!!@@!!:: @@!@@@!!:
: @!!!!!@@:: @!@!!!!@:: @!!@!!@@:: @@!@!!@!:: @!!!@@!! @!!@!@@@:: @@!@!@!@:,: @!!!!!@@:: @!@!!!!@:: @!!@!!@@:: @@!@!!@!:: @!!!@@!! @!!@!@@@:: @@!@@@!!:: @@!@!@!@:
: @!!!!!@@:: @!@!!!!@:: @!!@!!@@:: @@!@!!@!:: @!!!@@!! @!!@!@@@:: @@!@!@!@:,: @!!!!!@@:: @!@!!!!@:: @!!@!!@@:: @@!@!!@!:: @!!!@@!! @!!@!@@@:: @@!@@@!!:
: @!!!!!@@:: @!@!!!!@:: @!!@!!@@:: @@!@!!@!:: @!@!@@!!:: @@!@!@!@:,: @!!!!!@@:: @!@!!!!@:: @!!@!!@@:: @@!@!!@!:: @!@!@@!!:: @@!@@@!!:: @@!@!@!@:
: @!!!!!@@:: @!@!!!!@:: @!!@!!@@:: @@!@!!@!:: @!@!@@!!:: @@!@!@!@:,: @!!!!!@@:: @!@!!!!@:: @!!@!!@@:: @@!@!!@!:: @!@!@@!!:: @@!@@@!!:
: @!!!!!@@:: @!@!!!!@:: @!!@!!@@:: @@!@!!@!:: @!@@@!@@:: @@!@!@!@:,: @!!!!!@@:: @!@!!!!@:: @!!@!!@@:: @@!@!!@!:: @!@@@!@@:: @@!@@@!!:: @@!@!@!@:
: @!!!!!@@:: @!@!!!!@:: @!!@!!@@:: @@!@!!@!:: @!@@@!@@:: @@!@!@!@:,: @!!!!!@@:: @!@!!!!@:: @!!@!!@@:: @@!@!!@!:: @!@@@!@@:: @@!@@@!!:
: @!!!!!@@:: @!@!!!!@:: @!!@!!@@:: @@!@!!@!:: @!@!@!@@:: @@!@!@!@:,: @!!!!!@@:: @!@!!!!@:: @!!@!!@@:: @@!@!!@!:: @!@!@!@@:: @@!@@@!!:: @@!@!@!@:
: @!!!!!@@:: @!@!!!!@:: @!!@!!@@:: @@!@!!@!:: @!@!@!@@:: @@!@!@!@:,: @!!!!!@@:: @!@!!!!@:: @!!@!!@@:: @@!@!!@!:: @!@!@!@@:: @@!@@@!!:
: @!!!!!@@:: @!@!!!!@:: @!!@!!@@:: @@!@!!@!:: @!@!!@!@:: @@!@!@!@:,: @!!!!!@@:: @!@!!!!@:: @!!@!!@@:: @@!@!!@!:: @!@!!@!@:: @@!@@@!!:: @@!@!@!@:
: @!!!!!@@:: @!@!!!!@:: @!!@!!@@:: @@!@!!@!:: @!@!!@!@:: @@!@!@!@:,: @!!!!!@@:: @!@!!!!@:: @!!@!!@@:: @@!@!!@!:: @!@!!@!@:: @@!@@@!!:
: @!!!!!@@:: @!@!!!!@:: @!!@!!@@:: @@!@!!@!:: @!!@!!!@:: @@!@!@!@:,: @!!!!!@@:: @!@!!!!@:: @!!@!!@@:: @@!@!!@!:: @!!@!!!@:: @@!@@@!!:: @@!@!@!@:
: @!!!!!@@:: @!@!!!!@:: @!!@!!@@:: @@!@!!@!:: @!!@!!!@:: @@!@!@!@:,: @!!!!!@@:: @!@!!!!@:: @!!@!!@@:: @@!@!!@!:: @!!@!!!@:: @@!@@@!!:

%%%%%,### 定冠詞のハイフンを取る

%%%%%,#### 太陽文字の前のとき al-C# <-> alC#

: @!!!!!@@:: @!@!!!!@:: @!!@!!@@:: @@!@!!@!:: @!!!@!@@:: @@!@@@!!:,: @!!!!!@@:: @!@!!!!@:: @!!@!!@@:: @!!!@!@@:: @@!@@@!!:
: @!!!!!@@:: @!@!!!!@:: @!!@!!@@:: @@!@!!@!:: @!!!@!@@ @!!@!@@@:: @@!@@@!!:,: @!!!!!@@:: @!@!!!!@:: @!!@!!@@:: @!!!@!@@ @!!@!@@@:: @@!@@@!!:
: @!!!!!@@:: @!@!!!!@:: @!!@!!@@:: @@!@!!@!:: @!!@@!@@:: @@!@@@!!:,: @!!!!!@@:: @!@!!!!@:: @!!@!!@@:: @!!@@!@@:: @@!@@@!!:
: @!!!!!@@:: @!@!!!!@:: @!!@!!@@:: @@!@!!@!:: @!!@@!@@ @!!@!@@@:: @@!@@@!!:,: @!!!!!@@:: @!@!!!!@:: @!!@!!@@:: @!!@@!@@ @!!@!@@@:: @@!@@@!!:
: @!!!!!@@:: @!@!!!!@:: @!!@!!@@:: @@!@!!@!:: @!!!@@!@:: @@!@@@!!:,: @!!!!!@@:: @!@!!!!@:: @!!@!!@@:: @!!!@@!@:: @@!@@@!!:
: @!!!!!@@:: @!@!!!!@:: @!!@!!@@:: @@!@!!@!:: @!!!!@!@:: @@!@@@!!:,: @!!!!!@@:: @!@!!!!@:: @!!@!!@@:: @!!!!@!@:: @@!@@@!!:
: @!!!!!@@:: @!@!!!!@:: @!!@!!@@:: @@!@!!@!:: @!!!@@!!:: @@!@@@!!:,: @!!!!!@@:: @!@!!!!@:: @!!@!!@@:: @!!!@@!!:: @@!@@@!!:
: @!!!!!@@:: @!@!!!!@:: @!!@!!@@:: @@!@!!@!:: @!!!@@!! @!!@!@@@:: @@!@@@!!:,: @!!!!!@@:: @!@!!!!@:: @!!@!!@@:: @!!!@@!! @!!@!@@@:: @@!@@@!!:
: @!!!!!@@:: @!@!!!!@:: @!!@!!@@:: @@!@!!@!:: @!@!@@!!:: @@!@@@!!:,: @!!!!!@@:: @!@!!!!@:: @!!@!!@@:: @!@!@@!!:: @@!@@@!!:
: @!!!!!@@:: @!@!!!!@:: @!!@!!@@:: @@!@!!@!:: @!@@@!@@:: @@!@@@!!:,: @!!!!!@@:: @!@!!!!@:: @!!@!!@@:: @!@@@!@@:: @@!@@@!!:
: @!!!!!@@:: @!@!!!!@:: @!!@!!@@:: @@!@!!@!:: @!@!@!@@:: @@!@@@!!:,: @!!!!!@@:: @!@!!!!@:: @!!@!!@@:: @!@!@!@@:: @@!@@@!!:
: @!!!!!@@:: @!@!!!!@:: @!!@!!@@:: @@!@!!@!:: @!@!!@!@:: @@!@@@!!:,: @!!!!!@@:: @!@!!!!@:: @!!@!!@@:: @!@!!@!@:: @@!@@@!!:
: @!!!!!@@:: @!@!!!!@:: @!!@!!@@:: @@!@!!@!:: @!!@!!!@:: @@!@@@!!:,: @!!!!!@@:: @!@!!!!@:: @!!@!!@@:: @!!@!!!@:: @@!@@@!!:

%%%%%,#### 月文字の前のとき al*-C <-> al*C

: @!!!!!@@:: @!@!!!!@:: @!!@!!@@:: @@!@!@!@:: @@!@!!@!:: @!!@@@!@:,: @!!!!!@@:: @!@!!!!@:: @!!@!!@@:: @@!@!@!@:: @!!@@@!@:
: @!!!!!@@:: @!@!!!!@:: @!!@!!@@:: @@!@!@!@:: @@!@!!@!:: @!!@!@!@:,: @!!!!!@@:: @!@!!!!@:: @!!@!!@@:: @@!@!@!@:: @!!@!@!@:
: @!!!!!@@:: @!@!!!!@:: @!!@!!@@:: @@!@!@!@:: @@!@!!@!:: @!@@!@@@:,: @!!!!!@@:: @!@!!!!@:: @!!@!!@@:: @@!@!@!@:: @!@@!@@@:
: @!!!!!@@:: @!@!!!!@:: @!!@!!@@:: @@!@!@!@:: @@!@!!@!:: @!!@!@!! @!!@!@@@:,: @!!!!!@@:: @!@!!!!@:: @!!@!!@@:: @@!@!@!@:: @!!@!@!! @!!@!@@@:
: @!!!!!@@:: @!@!!!!@:: @!!@!!@@:: @@!@!@!@:: @@!@!!@!:: @!!@@@@@:,: @!!!!!@@:: @!@!!!!@:: @!!@!!@@:: @@!@!@!@:: @!!@@@@@:
: @!!!!!@@:: @!@!!!!@:: @!!@!!@@:: @@!@!@!@:: @@!@!!@!:: @!!@@!!! @!!@!@@@:,: @!!!!!@@:: @!@!!!!@:: @!!@!!@@:: @@!@!@!@:: @!!@@!!! @!!@!@@@:
: @!!!!!@@:: @!@!!!!@:: @!!@!!@@:: @@!@!@!@:: @@!@!!@!:: @!!@@!!@:,: @!!!!!@@:: @!@!!!!@:: @!!@!!@@:: @@!@!@!@:: @!!@@!!@:
: @!!!!!@@:: @!@!!!!@:: @!!@!!@@:: @@!@!@!@:: @@!@!!@!:: @!!!@@@!:,: @!!!!!@@:: @!@!!!!@:: @!!@!!@@:: @@!@!@!@:: @!!!@@@!:
: @!!!!!@@:: @!@!!!!@:: @!!@!!@@:: @@!@!@!@:: @@!@!!@!:: @!!@!@!!:,: @!!!!!@@:: @!@!!!!@:: @!!@!!@@:: @@!@!@!@:: @!!@!@!!:
: @!!!!!@@:: @!@!!!!@:: @!!@!!@@:: @@!@!@!@:: @@!@!!@!:: @!!@!!@@:,: @!!!!!@@:: @!@!!!!@:: @!!@!!@@:: @@!@!@!@:: @!!@!!@@:
: @!!!!!@@:: @!@!!!!@:: @!!@!!@@:: @@!@!@!@:: @@!@!!@!:: @!!@!!@!:,: @!!!!!@@:: @!@!!!!@:: @!!@!!@@:: @@!@!@!@:: @!!@!!@!:
: @!!!!!@@:: @!@!!!!@:: @!!@!!@@:: @@!@!@!@:: @@!@!!@!:: @!!@!@@@:,: @!!!!!@@:: @!@!!!!@:: @!!@!!@@:: @@!@!@!@:: @!!@!@@@:
: @!!!!!@@:: @!@!!!!@:: @!!@!!@@:: @@!@!@!@:: @@!@!!@!:: @!!!@!!!:,: @!!!!!@@:: @!@!!!!@:: @!!@!!@@:: @@!@!@!@:: @!!!@!!!:
: @!!!!!@@:: @!@!!!!@:: @!!@!!@@:: @@!@!@!@:: @@!@!!@!:: @!!!!@@!:,: @!!!!!@@:: @!@!!!!@:: @!!@!!@@:: @@!@!@!@:: @!!!!@@!:
: @!!!!!@@:: @!@!!!!@:: @!!@!!@@:: @@!@!@!@:: @@!@!!@!:: @@!@@!!!:,: @!!!!!@@:: @!@!!!!@:: @!!@!!@@:: @@!@!@!@:: @@!@@!!!:

%%%%%,#### 発音しないアリフ /a <-> ワスラ付きアリフ

: @@!@!!!!:: @!!!!!@@:: @!@!!!!@:,: @!!!!!!@ @!!!!!@@:

%%%%%,## 重子音 C*C <-> C#

: @!!@@@!@:: @@!@!@!@:: @!!@@@!@:,: @!!@@@!@:: @@!@@@!!:
: @!!!@!@@ @!!@!@@@:: @@!@!@!@:: @!!!@!@@ @!!@!@@@:,: @!!!@!@@ @!!@!@@@:: @@!@@@!!:
: @!!!@!@@:: @@!@!@!@:: @!!!@!@@:,: @!!!@!@@:: @@!@@@!!:
: @!!@!@!@:: @@!@!@!@:: @!!@!@!@:,: @!!@!@!@:: @@!@@@!!:
: @!@@!@@@:: @@!@!@!@:: @!@@!@@@:,: @!@@!@@@:: @@!@@@!!:
: @!!@!@!! @!!@!@@@:: @@!@!@!@:: @!!@!@!! @!!@!@@@:,: @!!@!@!! @!!@!@@@:: @@!@@@!!:
: @!!@@!@@ @!!@!@@@:: @@!@!@!@:: @!!@@!@@ @!!@!@@@:,: @!!@@!@@ @!!@!@@@:: @@!@@@!!:
: @!!@@!@@:: @@!@!@!@:: @!!@@!@@:,: @!!@@!@@:: @@!@@@!!:
: @!!!@@!@:: @@!@!@!@:: @!!!@@!@:,: @!!!@@!@:: @@!@@@!!:
: @!!!!@!@:: @@!@!@!@:: @!!!!@!@:,: @!!!!@!@:: @@!@@@!!:
: @!!!@@!! @!!@!@@@:: @@!@!@!@:: @!!!@@!! @!!@!@@@:,: @!!!@@!! @!!@!@@@:: @@!@@@!!:
: @!!!@@!!:: @@!@!@!@:: @!!!@@!!:,: @!!!@@!!:: @@!@@@!!:
: @!@!@@!!:: @@!@!@!@:: @!@!@@!!:,: @!@!@@!!:: @@!@@@!!:
: @!@@@!@@:: @@!@!@!@:: @!@@@!@@:,: @!@@@!@@:: @@!@@@!!:
: @!@!@!@@:: @@!@!@!@:: @!@!@!@@:,: @!@!@!@@:: @@!@@@!!:
: @!@!!@!@:: @@!@!@!@:: @!@!!@!@:,: @!@!!@!@:: @@!@@@!!:
: @!!@@@@@:: @@!@!@!@:: @!!@@@@@:,: @!!@@@@@:: @@!@@@!!:
: @!!@@!!! @!!@!@@@:: @@!@!@!@:: @!!@@!!! @!!@!@@@:,: @!!@@!!! @!!@!@@@:: @@!@@@!!:
: @!!@@!!@:: @@!@!@!@:: @!!@@!!@:,: @!!@@!!@:: @@!@@@!!:
: @!!!@@@!:: @@!@!@!@:: @!!!@@@!:,: @!!!@@@!:: @@!@@@!!:
: @!!@!@!!:: @@!@!@!@:: @!!@!@!!:,: @!!@!@!!:: @@!@@@!!:
: @!!@!!@@:: @@!@!@!@:: @!!@!!@@:,: @!!@!!@@:: @@!@@@!!:
: @!!@!!@!:: @@!@!@!@:: @!!@!!@!:,: @!!@!!@!:: @@!@@@!!:
: @!!@!!!@:: @@!@!@!@:: @!!@!!!@:,: @!!@!!!@:: @@!@@@!!:
: @!!@!@@@:: @@!@!@!@:: @!!@!@@@:,: @!!@!@@@:: @@!@@@!!:
: @!!!@!!!:: @@!@!@!@:: @!!!@!!!:,: @!!!@!!!:: @@!@@@!!:
: @!!!!@@!:: @@!@!@!@:: @!!!!@@!:,: @!!!!@@!:: @@!@@@!!:
: @@!@@!!!:: @@!@!@!@:: @@!@@!!!:,: @@!@@!!!:: @@!@@@!!:

%%%%%,## シャクル+アリフを削除

: @@!@!@!@:: @!!!!!@@:,

%%%%%,## 記号の削除

: @@!@!!@!:,
,: @@!@!!!!:

%%%%%%%%%%%%%%%%%%%%,####################

%%%%%,# 符号/アラビア文字

%%%%%,## 文字

> @!!!!!@@>,ا
> @!@!!!!! @!!!!!@@>,ى
> @!!!!!!@ @!!!!!@@>,ٱ
> @!@!!!!@ @!!!!!@@>,آ
> @!!@@@!@>,ب
> @!!!@!@@ @!!@!@@@>,ث
> @!!!@!@@>,ت
> @!@!!!!! @!!!@!@@>,ة
> @!!@!@!@>,ج
> @!@@!@@@>,ح
> @!!@!@!! @!!@!@@@>,خ
> @!!@@!@@ @!!@!@@@>,ذ
> @!!@@!@@>,د
> @!!!@@!@>,ر
> @!!!!@!@>,ز
> @!!!@@!! @!!@!@@@>,ش
> @!!!@@!!>,س
> @!@!@@!!>,ص
> @!@@@!@@>,ض
> @!@!@!@@>,ط
> @!@!!@!@>,ظ
> @!!@@@@@>,ع
> @!!@@!!! @!!@!@@@>,غ
> @!!@@!!@>,ف
> @!!!@@@!>,ق
> @!!@!@!!>,ك
> @!!@!!@@>,ل
> @!!@!!@!>,م
> @!!@!!!@>,ن
> @!!@!@@@>,ه
> @!!!@!!!>,و
> @!!!!@@!>,ي
> @@!@@!!!>,أ

%%%%%,## シャクル

%%%%%,### ファトハ カスラ ダンマ

> @!@!!!!@>,َ
> @!!!!!!@>,ُ
> @!@!!!!!>,ِ

%%%%%,### ファトハターン カスラターン ダンマターン

> @@!!!!@! @!@!!!!@>,ً
> @@!!!!@! @!!!!!!@>,ٌ
> @@!!!!@! @!@!!!!!>,ٍ

%%%%%,### シャッダ

> @@!@@@!!>,ّ

%%%%%,### スクーン

> @@!@!@!@>,ْ

%%%%%,# 処理開始/終了フラグ

<,:
:,>
