ラテン文字	ギリシア文字
%%%%%	# ラテン文字,符号
%%%%%	## 子音字
Ps	<@!@!@@@@ @!!!@@!!<<@@!@!@!@<
Ps	<@!@!@@@@ @!!!@@!!<
ps	<@!!!@@@@ @!!!@@!!<<@@!@!@!@<
ps	<@!!!@@@@ @!!!@@!!<
Ph	<@!@!@@@@ @!!@!@@@<<@@!@!@!@<
Ph	<@!@!@@@@ @!!@!@@@<
F	<@!@!@@@@ @!!@!@@@<<@@!@!@!@<
ph	<@!!!@@@@ @!!@!@@@<<@@!@!@!@<
ph	<@!!!@@@@ @!!@!@@@<
f	<@!!!@@@@ @!!@!@@@<<@@!@!@!@<
P	<@!@!@@@@<<@@!@!@!@<
P	<@!@!@@@@<
p	<@!!!@@@@<<@@!@!@!@<
p	<@!!!@@@@<
B	<@!@@@@!@<<@@!@!@!@<
B	<@!@@@@!@<
b	<@!!@@@!@<<@@!@!@!@<
b	<@!!@@@!@<
Th	<@!@!@!@@ @!!@!@@@<<@@!@!@!@<
Th	<@!@!@!@@ @!!@!@@@<
th	<@!!!@!@@ @!!@!@@@<<@@!@!@!@<
th	<@!!!@!@@ @!!@!@@@<
T	<@!@!@!@@<<@@!@!@!@<
T	<@!@!@!@@<
t	<@!!!@!@@<<@@!@!@!@<
t	<@!!!@!@@<
D	<@!@@@!@@<<@@!@!@!@<
D	<@!@@@!@@<
d	<@!!@@!@@<<@@!@!@!@<
d	<@!!@@!@@<
Ks	<@!@!!@@@<<@@!@!@!@<
Ks	<@!@!!@@@<
X	<@!@!!@@@<<@@!@!@!@<
ks	<@!!!!@@@<<@@!@!@!@<
ks	<@!!!!@@@<
x	<@!!!!@@@<<@@!@!@!@<
Kh	<@!@@!@!! @!!@!@@@<<@@!@!@!@<
Kh	<@!@@!@!! @!!@!@@@<
Ch	<@!@@!@!! @!!@!@@@<<@@!@!@!@<
kh	<@!!@!@!! @!!@!@@@<<@@!@!@!@<
kh	<@!!@!@!! @!!@!@@@<
ch	<@!!@!@!! @!!@!@@@<<@@!@!@!@<
K	<@!@@!@!!<<@@!@!@!@<
K	<@!@@!@!!<
C	<@!@@!@!!<<@@!@!@!@<
k	<@!!@!@!!<<@@!@!@!@<
k	<@!!@!@!!<
c	<@!!@!@!!<<@@!@!@!@<
G	<@!@@@!!!<<@@!@!@!@<
G	<@!@@@!!!<
g	<@!!@@!!!<<@@!@!@!@<
g	<@!!@@!!!<
M	<@!@@!!@!<<@@!@!@!@<
M	<@!@@!!@!<
m	<@!!@!!@!<<@@!@!@!@<
m	<@!!@!!@!<
N	<@!@@!!!@<<@@!@!@!@<
N	<@!@@!!!@<
n	<@!!@!!!@<<@@!@!@!@<
n	<@!!@!!!@<
L	<@!@@!!@@<<@@!@!@!@<
L	<@!@@!!@@<
l	<@!!@!!@@<<@@!@!@!@<
l	<@!!@!!@@<
Rh	<@!@!@@!@ @!!@!@@@<<@@!@!@!@<
Rh	<@!@!@@!@ @!!@!@@@<
rh	<@!!!@@!@ @!!@!@@@<<@@!@!@!@<
rh	<@!!!@@!@ @!!@!@@@<
R	<@!@!@@!@<<@@!@!@!@<
R	<@!@!@@!@<
r	<@!!!@@!@<<@@!@!@!@<
r	<@!!!@@!@<
r	<@!!!@@!@ @@!@@!@@<
S	<@!@!@@!!<<@@!@!@!@<
S	<@!@!@@!!<
s	<@!!!@@!!<<@@!@!@!@<
s	<@!!!@@!!<
s	<@!!!@@!! @!@!!!!!<
Z	<@!@!!@!@<<@@!@!@!@<
Z	<@!@!!@!@<
z	<@!!!!@!@<<@@!@!@!@<
z	<@!!!!@!@<
%%%%%	## 母音字
%%%%%	### 曲アクセント
Â	<@@!@@!@@<<@!@@@@@!<<@@!@@!!@<<@@!@!!!!<<@@!@!!!!<<@@!@!!!!<<@@!@!@!@<
Â	<@@!@@!@@<<@!@@@@@!<<@@!@@!!@<<@@!@!!!!<<@@!@!!!!<<@@!@!!!!<
Â	<@!@@@@@!<<@@!@@!!@<<@@!@!!!!<<@@!@!!!!<<@@!@!!!!<
â	<@@!@@!@@<<@!!@@@@!<<@@!@@!!@<<@@!@!!!!<<@@!@!!!!<<@@!@!!!!<<@@!@!@!@<
â	<@@!@@!@@<<@!!@@@@!<<@@!@@!!@<<@@!@!!!!<<@@!@!!!!<<@@!@!!!!<
â	<@!!@@@@!<<@@!@@!!@<<@@!@!!!!<<@@!@!!!!<<@@!@!!!!<
Ê	<@@!@@!@@<<@!@@@!@!<<@@!@@!!@<<@@!@!!!!<<@@!@!!!!<<@@!@!!!!<<@@!@!@!@<
Ê	<@@!@@!@@<<@!@@@!@!<<@@!@@!!@<<@@!@!!!!<<@@!@!!!!<<@@!@!!!!<
Ê	<@!@@@!@!<<@@!@@!!@<<@@!@!!!!<<@@!@!!!!<<@@!@!!!!<
ê	<@@!@@!@@<<@!!@@!@!<<@@!@@!!@<<@@!@!!!!<<@@!@!!!!<<@@!@!!!!<<@@!@!@!@<
ê	<@@!@@!@@<<@!!@@!@!<<@@!@@!!@<<@@!@!!!!<<@@!@!!!!<<@@!@!!!!<
ê	<@!!@@!@!<<@@!@@!!@<<@@!@!!!!<<@@!@!!!!<<@@!@!!!!<
Î	<@@!@@!@@<<@!@@!@@!<<@@!@@!!@<<@@!@!!!!<<@@!@!!!!<<@@!@!!!!<<@@!@!@!@<
Î	<@@!@@!@@<<@!@@!@@!<<@@!@@!!@<<@@!@!!!!<<@@!@!!!!<<@@!@!!!!<
Î	<@!@@!@@!<<@@!@@!!@<<@@!@!!!!<<@@!@!!!!<<@@!@!!!!<
î	<@@!@@!@@<<@!!@!@@!<<@@!@@!!@<<@@!@!!!!<<@@!@!!!!<<@@!@!!!!<<@@!@!@!@<
î	<@@!@@!@@<<@!!@!@@!<<@@!@@!!@<<@@!@!!!!<<@@!@!!!!<<@@!@!!!!<
î	<@!!@!@@!<<@@!@@!!@<<@@!@!!!!<<@@!@!!!!<<@@!@!!!!<
Ô	<@@!@@!@@<<@!@@!!!!<<@@!@@!!@<<@@!@!!!!<<@@!@!!!!<<@@!@!!!!<<@@!@!@!@<
Ô	<@@!@@!@@<<@!@@!!!!<<@@!@@!!@<<@@!@!!!!<<@@!@!!!!<<@@!@!!!!<
Ô	<@!@@!!!!<<@@!@@!!@<<@@!@!!!!<<@@!@!!!!<<@@!@!!!!<
ô	<@@!@@!@@<<@!!@!!!!<<@@!@@!!@<<@@!@!!!!<<@@!@!!!!<<@@!@!!!!<<@@!@!@!@<
ô	<@@!@@!@@<<@!!@!!!!<<@@!@@!!@<<@@!@!!!!<<@@!@!!!!<<@@!@!!!!<
ô	<@!!@!!!!<<@@!@@!!@<<@@!@!!!!<<@@!@!!!!<<@@!@!!!!<
Ŷ	<@@!@@!@@<<@!@!!@@!<<@@!@@!!@<<@@!@!!!!<<@@!@!!!!<<@@!@!!!!<<@@!@!@!@<
Ŷ	<@@!@@!@@<<@!@!!@@!<<@@!@@!!@<<@@!@!!!!<<@@!@!!!!<<@@!@!!!!<
Ŷ	<@!@!!@@!<<@@!@@!!@<<@@!@!!!!<<@@!@!!!!<<@@!@!!!!<
ŷ	<@@!@@!@@<<@!!!!@@!<<@@!@@!!@<<@@!@!!!!<<@@!@!!!!<<@@!@!!!!<<@@!@!@!@<
ŷ	<@@!@@!@@<<@!!!!@@!<<@@!@@!!@<<@@!@!!!!<<@@!@!!!!<<@@!@!!!!<
ŷ	<@!!!!@@!<<@@!@@!!@<<@@!@!!!!<<@@!@!!!!<<@@!@!!!!<
û	<@@!@@!@@<<@!!!!@@!<<@@!@@!!@<<@@!@!!!!<<@@!@!!!!<<@@!@!!!!<<@@!@!@!@<
û	<@@!@@!@@<<@!!!!@@!<<@@!@@!!@<<@@!@!!!!<<@@!@!!!!<<@@!@!!!!<
û	<@!!!!@@!<<@@!@@!!@<<@@!@!!!!<<@@!@!!!!<<@@!@!!!!<
û	<@@!@@!@@<<@!!!@!@!<<@@!@@!!@<<@@!@!!!!<<@@!@!!!!<<@@!@!!!!<<@@!@!@!@<
û	<@@!@@!@@<<@!!!@!@!<<@@!@@!!@<<@@!@!!!!<<@@!@!!!!<<@@!@!!!!<
û	<@!!!@!@!<<@@!@@!!@<<@@!@!!!!<<@@!@!!!!<<@@!@!!!!<
%%%%%	### 重アクセント
Ā̀	<@@!@@!@@<<@!@@@@@!<<@@!@@!!@<<@@!@!!!!<<@@!@!!!!<<@@!@!@!@<
Ā̀	<@@!@@!@@<<@!@@@@@!<<@@!@@!!@<<@@!@!!!!<<@@!@!!!!<
Ā̀	<@!@@@@@!<<@@!@@!!@<<@@!@!!!!<<@@!@!!!!<
ā̀	<@@!@@!@@<<@!!@@@@!<<@@!@@!!@<<@@!@!!!!<<@@!@!!!!<<@@!@!@!@<
ā̀	<@@!@@!@@<<@!!@@@@!<<@@!@@!!@<<@@!@!!!!<<@@!@!!!!<
ā̀	<@!!@@@@!<<@@!@@!!@<<@@!@!!!!<<@@!@!!!!<
À	<@@!@@!@@<<@!@@@@@!<<@@!@!!!!<<@@!@!!!!<<@@!@!@!@<
À	<@@!@@!@@<<@!@@@@@!<<@@!@!!!!<<@@!@!!!!<
À	<@!@@@@@!<<@@!@!!!!<<@@!@!!!!<
à	<@@!@@!@@<<@!!@@@@!<<@@!@!!!!<<@@!@!!!!<<@@!@!@!@<
à	<@@!@@!@@<<@!!@@@@!<<@@!@!!!!<<@@!@!!!!<
à	<@!!@@@@!<<@@!@!!!!<<@@!@!!!!<
Ḕ	<@@!@@!@@<<@!@@@!@!<<@@!@@!!@<<@@!@!!!!<<@@!@!!!!<<@@!@!@!@<
Ḕ	<@@!@@!@@<<@!@@@!@!<<@@!@@!!@<<@@!@!!!!<<@@!@!!!!<
Ḕ	<@!@@@!@!<<@@!@@!!@<<@@!@!!!!<<@@!@!!!!<
ḕ	<@@!@@!@@<<@!!@@!@!<<@@!@@!!@<<@@!@!!!!<<@@!@!!!!<<@@!@!@!@<
ḕ	<@@!@@!@@<<@!!@@!@!<<@@!@@!!@<<@@!@!!!!<<@@!@!!!!<
ḕ	<@!!@@!@!<<@@!@@!!@<<@@!@!!!!<<@@!@!!!!<
È	<@@!@@!@@<<@!@@@!@!<<@@!@!!!!<<@@!@!!!!<<@@!@!@!@<
È	<@@!@@!@@<<@!@@@!@!<<@@!@!!!!<<@@!@!!!!<
È	<@!@@@!@!<<@@!@!!!!<<@@!@!!!!<
è	<@@!@@!@@<<@!!@@!@!<<@@!@!!!!<<@@!@!!!!<<@@!@!@!@<
è	<@@!@@!@@<<@!!@@!@!<<@@!@!!!!<<@@!@!!!!<
è	<@!!@@!@!<<@@!@!!!!<<@@!@!!!!<
Ì	<@@!@@!@@<<@!@@!@@!<<@@!@!!!!<<@@!@!!!!<<@@!@!@!@<
Ì	<@@!@@!@@<<@!@@!@@!<<@@!@!!!!<<@@!@!!!!<
Ì	<@!@@!@@!<<@@!@!!!!<<@@!@!!!!<
ì	<@@!@@!@@<<@!!@!@@!<<@@!@!!!!<<@@!@!!!!<<@@!@!@!@<
ì	<@@!@@!@@<<@!!@!@@!<<@@!@!!!!<<@@!@!!!!<
ì	<@!!@!@@!<<@@!@!!!!<<@@!@!!!!<
Ṑ	<@@!@@!@@<<@!@@!!!!<<@@!@@!!@<<@@!@!!!!<<@@!@!!!!<<@@!@!@!@<
Ṑ	<@@!@@!@@<<@!@@!!!!<<@@!@@!!@<<@@!@!!!!<<@@!@!!!!<
Ṑ	<@!@@!!!!<<@@!@@!!@<<@@!@!!!!<<@@!@!!!!<
ṑ	<@@!@@!@@<<@!!@!!!!<<@@!@@!!@<<@@!@!!!!<<@@!@!!!!<<@@!@!@!@<
ṑ	<@@!@@!@@<<@!!@!!!!<<@@!@@!!@<<@@!@!!!!<<@@!@!!!!<
ṑ	<@!!@!!!!<<@@!@@!!@<<@@!@!!!!<<@@!@!!!!<
Ò	<@@!@@!@@<<@!@@!!!!<<@@!@!!!!<<@@!@!!!!<<@@!@!@!@<
Ò	<@@!@@!@@<<@!@@!!!!<<@@!@!!!!<<@@!@!!!!<
Ò	<@!@@!!!!<<@@!@!!!!<<@@!@!!!!<
ò	<@@!@@!@@<<@!!@!!!!<<@@!@!!!!<<@@!@!!!!<<@@!@!@!@<
ò	<@@!@@!@@<<@!!@!!!!<<@@!@!!!!<<@@!@!!!!<
ò	<@!!@!!!!<<@@!@!!!!<<@@!@!!!!<
Ỳ	<@@!@@!@@<<@!@!!@@!<<@@!@!!!!<<@@!@!!!!<<@@!@!@!@<
Ỳ	<@@!@@!@@<<@!@!!@@!<<@@!@!!!!<<@@!@!!!!<
Ỳ	<@!@!!@@!<<@@!@!!!!<<@@!@!!!!<
ỳ	<@@!@@!@@<<@!!!!@@!<<@@!@!!!!<<@@!@!!!!<<@@!@!@!@<
ỳ	<@@!@@!@@<<@!!!!@@!<<@@!@!!!!<<@@!@!!!!<
ỳ	<@!!!!@@!<<@@!@!!!!<<@@!@!!!!<
ù	<@@!@@!@@<<@!!!!@@!<<@@!@!!!!<<@@!@!!!!<<@@!@!@!@<
ù	<@@!@@!@@<<@!!!!@@!<<@@!@!!!!<<@@!@!!!!<
ù	<@!!!!@@!<<@@!@!!!!<<@@!@!!!!<
ù	<@@!@@!@@<<@!!!@!@!<<@@!@!!!!<<@@!@!!!!<<@@!@!@!@<
ù	<@@!@@!@@<<@!!!@!@!<<@@!@!!!!<<@@!@!!!!<
ù	<@!!!@!@!<<@@!@!!!!<<@@!@!!!!<
%%%%%	### 鋭アクセント
Ā́	<@@!@@!@@<<@!@@@@@!<<@@!@@!!@<<@@!@!!!!<<@@!@!@!@<
Ā́	<@@!@@!@@<<@!@@@@@!<<@@!@@!!@<<@@!@!!!!<
Ā́	<@!@@@@@!<<@@!@@!!@<<@@!@!!!!<
ā́	<@@!@@!@@<<@!!@@@@!<<@@!@@!!@<<@@!@!!!!<<@@!@!@!@<
ā́	<@@!@@!@@<<@!!@@@@!<<@@!@@!!@<<@@!@!!!!<
ā́	<@!!@@@@!<<@@!@@!!@<<@@!@!!!!<
Á	<@@!@@!@@<<@!@@@@@!<<@@!@!!!!<<@@!@!@!@<
Á	<@@!@@!@@<<@!@@@@@!<<@@!@!!!!<
Á	<@!@@@@@!<<@@!@!!!!<
á	<@@!@@!@@<<@!!@@@@!<<@@!@!!!!<<@@!@!@!@<
á	<@@!@@!@@<<@!!@@@@!<<@@!@!!!!<
á	<@!!@@@@!<<@@!@!!!!<
Ḗ	<@@!@@!@@<<@!@@@!@!<<@@!@@!!@<<@@!@!!!!<<@@!@!@!@<
Ḗ	<@@!@@!@@<<@!@@@!@!<<@@!@@!!@<<@@!@!!!!<
Ḗ	<@!@@@!@!<<@@!@@!!@<<@@!@!!!!<
ḗ	<@@!@@!@@<<@!!@@!@!<<@@!@@!!@<<@@!@!!!!<<@@!@!@!@<
ḗ	<@@!@@!@@<<@!!@@!@!<<@@!@@!!@<<@@!@!!!!<
ḗ	<@!!@@!@!<<@@!@@!!@<<@@!@!!!!<
É	<@@!@@!@@<<@!@@@!@!<<@@!@@!!@<<@@!@!!!!<<@@!@!@!@<
É	<@@!@@!@@<<@!@@@!@!<<@@!@@!!@<<@@!@!!!!<
É	<@!@@@!@!<<@@!@@!!@<<@@!@!!!!<
é	<@@!@@!@@<<@!!@@!@!<<@@!@!!!!<<@@!@!@!@<
é	<@@!@@!@@<<@!!@@!@!<<@@!@!!!!<
é	<@!!@@!@!<<@@!@!!!!<
Ḯ	<@@!@@!@@<<@@!@@@!@<<@!@@!@@!<<@@!@!!!!<<@@!@!@!@<
Ḯ	<@@!@@!@@<<@@!@@@!@<<@!@@!@@!<<@@!@!!!!<
Ḯ	<@@!@@@!@<<@!@@!@@!<<@@!@!!!!<
ḯ	<@@!@@!@@<<@@!@@@!@<<@!!@!@@!<<@@!@!!!!<<@@!@!@!@<
ḯ	<@@!@@!@@<<@@!@@@!@<<@!!@!@@!<<@@!@!!!!<
ḯ	<@@!@@@!@<<@!!@!@@!<<@@!@!!!!<
Í	<@@!@@!@@<<@!@@!@@!<<@@!@!!!!<<@@!@!@!@<
Í	<@@!@@!@@<<@!@@!@@!<<@@!@!!!!<
Í	<@!@@!@@!<<@@!@!!!!<
í	<@@!@@!@@<<@!!@!@@!<<@@!@!!!!<<@@!@!@!@<
í	<@@!@@!@@<<@!!@!@@!<<@@!@!!!!<
í	<@!!@!@@!<<@@!@!!!!<
Ṓ	<@@!@@!@@<<@!@@!!!!<<@@!@@!!@<<@@!@!!!!<<@@!@!@!@<
Ṓ	<@@!@@!@@<<@!@@!!!!<<@@!@@!!@<<@@!@!!!!<
Ṓ	<@!@@!!!!<<@@!@@!!@<<@@!@!!!!<
ṓ	<@@!@@!@@<<@!!@!!!!<<@@!@@!!@<<@@!@!!!!<<@@!@!@!@<
ṓ	<@@!@@!@@<<@!!@!!!!<<@@!@@!!@<<@@!@!!!!<
ṓ	<@!!@!!!!<<@@!@@!!@<<@@!@!!!!<
Ó	<@@!@@!@@<<@!@@!!!!<<@@!@!!!!<<@@!@!@!@<
Ó	<@@!@@!@@<<@!@@!!!!<<@@!@!!!!<
Ó	<@!@@!!!!<<@@!@!!!!<
ó	<@@!@@!@@<<@!!@!!!!<<@@!@!!!!<<@@!@!@!@<
ó	<@@!@@!@@<<@!!@!!!!<<@@!@!!!!<
ó	<@!!@!!!!<<@@!@!!!!<
Ý	<@@!@@!@@<<@!@!!@@!<<@@!@!!!!<<@@!@!@!@<
Ý	<@@!@@!@@<<@!@!!@@!<<@@!@!!!!<
Ý	<@!@!!@@!<<@@!@!!!!<
ý	<@@!@@!@@<<@!!!!@@!<<@@!@!!!!<<@@!@!@!@<
ý	<@@!@@!@@<<@!!!!@@!<<@@!@!!!!<
ý	<@!!!!@@!<<@@!@!!!!<
ú	<@@!@@!@@<<@!!!!@@!<<@@!@!!!!<<@@!@!@!@<
ú	<@@!@@!@@<<@!!!!@@!<<@@!@!!!!<
ú	<@!!!!@@!<<@@!@!!!!<
ú	<@@!@@!@@<<@!!!@!@!<<@@!@!!!!<<@@!@!@!@<
ú	<@@!@@!@@<<@!!!@!@!<<@@!@!!!!<
ú	<@!!!@!@!<<@@!@!!!!<
%%%%%	### 無アクセント
Ā	<@@!@@!@@<<@!@@@@@!<<@@!@@!!@<<@@!@!@!@<
Ā	<@@!@@!@@<<@!@@@@@!<<@@!@@!!@<
Ā	<@!@@@@@!<<@@!@@!!@<
Aa	<@@!@@!@@<<@!@@@@@!<<@@!@@!!@<<@@!@!@!@<
ā	<@@!@@!@@<<@!!@@@@!<<@@!@@!!@<<@@!@!@!@<
ā	<@@!@@!@@<<@!!@@@@!<<@@!@@!!@<
ā	<@!!@@@@!<<@@!@@!!@<
aa	<@@!@@!@@<<@!!@@@@!<<@@!@@!!@<<@@!@!@!@<
Ă	<@@!@@!@@<<@!@@@@@!<<@!@!!!!!<<@@!@!@!@<
Ă	<@@!@@!@@<<@!@@@@@!<<@!@!!!!!<
Ă	<@!@@@@@!<<@!@!!!!!<
A_	<@@!@@!@@<<@!@@@@@!<<@!@!!!!!<<@@!@!@!@<
ă	<@!!@@@@!<<@!@!!!!!<
a_	<@@!@@!@@<<@!!@@@@!<<@!@!!!!!<<@@!@!@!@<
A	<@@!@@!@@<<@!@@@@@!<<@@!@!@!@<
A	<@@!@@!@@<<@!@@@@@!<
A	<@!@@@@@!<
a	<@@!@@!@@<<@!!@@@@!<<@@!@!@!@<
a	<@@!@@!@@<<@!!@@@@!<
a	<@!!@@@@!<
Ē	<@@!@@!@@<<@!@@@!@!<<@@!@@!!@<<@@!@!@!@<
Ē	<@@!@@!@@<<@!@@@!@!<<@@!@@!!@<
Ē	<@!@@@!@!<<@@!@@!!@<
Ee	<@@!@@!@@<<@!@@@!@!<<@@!@@!!@<<@@!@!@!@<
ē	<@@!@@!@@<<@!!@@!@!<<@@!@@!!@<<@@!@!@!@<
ē	<@@!@@!@@<<@!!@@!@!<<@@!@@!!@<
ē	<@!!@@!@!<<@@!@@!!@<
ee	<@@!@@!@@<<@!!@@!@!<<@@!@@!!@<<@@!@!@!@<
E	<@@!@@!@@<<@!@@@!@!<<@@!@!@!@<
E	<@@!@@!@@<<@!@@@!@!<
E	<@!@@@!@!<
e	<@@!@@!@@<<@!!@@!@!<<@@!@!@!@<
e	<@@!@@!@@<<@!!@@!@!<
e	<@!!@@!@!<
Ī	<@@!@@!@@<<@!@@!@@!<<@@!@@!!@<<@@!@!@!@<
Ī	<@@!@@!@@<<@!@@!@@!<<@@!@@!!@<
Ī	<@!@@!@@!<<@@!@@!!@<
Ii	<@@!@@!@@<<@!@@!@@!<<@@!@@!!@<<@@!@!@!@<
ī	<@@!@@!@@<<@!!@!@@!<<@@!@@!!@<<@@!@!@!@<
ī	<@@!@@!@@<<@!!@!@@!<<@@!@@!!@<
ī	<@!!@!@@!<<@@!@@!!@<
ii	<@@!@@!@@<<@!!@!@@!<<@@!@@!!@<<@@!@!@!@<
Ï	<@@!@@!@@<<@@!@@@!@<<@!@@!@@!<<@@!@!@!@<
Ï	<@@!@@!@@<<@@!@@@!@<<@!@@!@@!<
Ï	<@@!@@@!@<<@!@@!@@!<
ï	<@@!@@!@@<<@@!@@@!@<<@!!@!@@!<<@@!@!@!@<
ï	<@@!@@!@@<<@@!@@@!@<<@!!@!@@!<
ï	<@@!@@@!@<<@!!@!@@!<
Ĭ	<@@!@@!@@<<@!@@!@@!<<@!@!!!!!<<@@!@!@!@<
Ĭ	<@@!@@!@@<<@!@@!@@!<<@!@!!!!!<
Ĭ	<@!@@!@@!<<@!@!!!!!<
I_	<@@!@@!@@<<@!@@!@@!<<@!@!!!!!<<@@!@!@!@<
ĭ	<@@!@@!@@<<@!!@!@@!<<@!@!!!!!<<@@!@!@!@<
ĭ	<@@!@@!@@<<@!!@!@@!<<@!@!!!!!<
ĭ	<@!!@!@@!<<@!@!!!!!<
i_	<@@!@@!@@<<@!!@!@@!<<@!@!!!!!<<@@!@!@!@<
I	<@@!@@!@@<<@!@@!@@!<<@@!@!@!@<
I	<@@!@@!@@<<@!@@!@@!<
I	<@!@@!@@!<
i	<@@!@@!@@<<@!!@!@@!<<@@!@!@!@<
i	<@@!@@!@@<<@!!@!@@!<
i	<@!!@!@@!<
Ō	<@@!@@!@@<<@!@@!!!!<<@@!@@!!@<<@@!@!@!@<
Ō	<@@!@@!@@<<@!@@!!!!<<@@!@@!!@<
Ō	<@!@@!!!!<<@@!@@!!@<
Oo	<@@!@@!@@<<@!@@!!!!<<@@!@@!!@<<@@!@!@!@<
W	<@@!@@!@@<<@!@@!!!!<<@@!@@!!@<<@@!@!@!@<
ō	<@@!@@!@@<<@!!@!!!!<<@@!@@!!@<<@@!@!@!@<
ō	<@@!@@!@@<<@!!@!!!!<<@@!@@!!@<
ō	<@!!@!!!!<<@@!@@!!@<
oo	<@@!@@!@@<<@!!@!!!!<<@@!@@!!@<<@@!@!@!@<
w	<@@!@@!@@<<@!!@!!!!<<@@!@@!!@<<@@!@!@!@<
O	<@@!@@!@@<<@!@@!!!!<<@@!@!@!@<
O	<@@!@@!@@<<@!@@!!!!<
O	<@!@@!!!!<
o	<@@!@@!@@<<@!!@!!!!<<@@!@!@!@<
o	<@@!@@!@@<<@!!@!!!!<
o	<@!!@!!!!<
Ȳ	<@@!@@!@@<<@!@!!@@!<<@@!@@!!@<<@@!@!@!@<
Ȳ	<@@!@@!@@<<@!@!!@@!<<@@!@@!!@<
Ȳ	<@!@!!@@!<<@@!@@!!@<
Yy	<@@!@@!@@<<@!@!!@@!<<@@!@@!!@<<@@!@!@!@<
Uu	<@@!@@!@@<<@!@!!@@!<<@!!!!@@!<<@@!@!@!@<
ȳ	<@@!@@!@@<<@!!!!@@!<<@@!@@!!@<<@@!@!@!@<
ȳ	<@@!@@!@@<<@!!!!@@!<<@@!@@!!@<
ȳ	<@!!!!@@!<<@@!@@!!@<
yy	<@@!@@!@@<<@!!!!@@!<<@@!@@!!@<<@@!@!@!@<
uu	<@@!@@!@@<<@!!!!@@!<<@@!@@!!@<<@@!@!@!@<
Ÿ	<@@!@@!@@<<@@!@@@!@<<@!@!!@@!<<@@!@!@!@<
Ÿ	<@@!@@!@@<<@@!@@@!@<<@!@!!@@!<
Ÿ	<@@!@@@!@<<@!@!!@@!<
ÿ	<@@!@@!@@<<@@!@@@!@<<@!!!!@@!<<@@!@!@!@<
ÿ	<@@!@@!@@<<@@!@@@!@<<@!!!!@@!<
ÿ	<@@!@@@!@<<@!!!!@@!<
Y̆	<@@!@@!@@<<@!@!!@@!<<@!@!!!!!<<@@!@!@!@<
Y̆	<@@!@@!@@<<@!@!!@@!<<@!@!!!!!<
Y̆	<@!@!!@@!<<@!@!!!!!<
Y_	<@@!@@!@@<<@!@!!@@!<<@!@!!!!!<<@@!@!@!@<
y̆	<@@!@@!@@<<@!!!!@@!<<@!@!!!!!<<@@!@!@!@<
y̆	<@@!@@!@@<<@!!!!@@!<<@!@!!!!!<
y̆	<@!!!!@@!<<@!@!!!!!<
y_	<@@!@@!@@<<@!!!!@@!<<@!@!!!!!<<@@!@!@!@<
Y	<@@!@@!@@<<@!@!!@@!<<@@!@!@!@<
Y	<@@!@@!@@<<@!@!!@@!<
Y	<@!@!!@@!<
y	<@@!@@!@@<<@!!!!@@!<<@@!@!@!@<
y	<@@!@@!@@<<@!!!!@@!<
y	<@!!!!@@!<
u	<@@!@@!@@<<@!!!!@@!<<@@!@!@!@<
u	<@@!@@!@@<<@!!!!@@!<
u	<@!!!!@@!<
u	<@@!@@!@@<<@!!!@!@!<<@@!@!@!@<
u	<@@!@@!@@<<@!!!@!@!<
u	<@!!!@!@!<
%%%%%	## ダイアクリティカル・マーク等
h	<@!!@!@@@<<@@!@!@!@<
h	<@!!@!@@@<
H	<@!@@!@@@<<@@!@!@!@<
H	<@!@@!@@@<
	<@@!@@!@@<
ˆ	<@@!@@!!@<<@@!@!!!!<<@@!@!!!!<<@@!@!!!!<
ˋ	<@@!@!!!!<<@@!@!!!!<
´	<@@!@!!!!<
/	<@@!@@!@@<<@@!@!!!!<<@@!@!@!@<
q	<@@!@@!@@<<@@!@!!!!<<@@!@!@!@<
¯	<@@!@@!!@<
"	<@@!@@!@@<<@@!@@@!@<<@@!@!@!@<
"	<@@!@@@!@<
%%%%%	# 符号,符号
%%%%%	## 語中の無気記号を削除(rrhを除く)
|@!!!@@!@||@@!@!@!@||@!!!@@!@ @!!@!@@@|	|@!!!@@!@ @@!@@!@@||@!!!@@!@ @!!@!@@@|
|@@!@!@!@||@@!@@!@@|	
|@@!@!@!@|	
%%%%%	## nK <-> gK
|@!!@!!!@||@!!!!@@@|	|@!!@@!!!||@!!!!@@@|
|@!!@!!!@||@!!@!@!! @!!@!@@@|	|@!!@@!!!||@!!@!@!! @!!@!@@@|
|@!!@!!!@||@!!@!@!!|	|@!!@@!!!||@!!@!@!!|
|@!!@!!!@||@!!@@!!!|	|@!!@@!!!||@!!@@!!!|
%%%%%	## 二重母音のときypsilon=u(逆変換)
|@!!@@@@!||@!!!@!@!|	|@!!@@@@!||@!!!!@@!|
|@!!@@!@!||@!!!@!@!|	|@!!@@!@!||@!!!!@@!|
|@!!@!!!!||@!!!@!@!|	|@!!@!!!!||@!!!!@@!|
|@!!!@!@!||@!!@!@@!|	|@!!!!@@!||@!!@!@@!|
%%%%%	## 二重母音の気息記号の位置修正
%%%%%	### 有気記号
|@!@@!@@@||@!!@@@@!||@!!@!@@!|	|@!@@@@@!||@!!@!@@@||@!!@!@@!|
|@!@@!@@@||@!!@@!@!||@!!@!@@!|	|@!@@@!@!||@!!@!@@@||@!!@!@@!|
|@!@@!@@@||@!!@!!!!||@!!@!@@!|	|@!@@!!!!||@!!@!@@@||@!!@!@@!|
|@!@@!@@@||@!!!!@@!||@!!@!@@!|	|@!@!!@@!||@!!@!@@@||@!!@!@@!|
|@!@@!@@@||@!!@@@@!||@!!!!@@!|	|@!@@@@@!||@!!@!@@@||@!!!!@@!|
|@!@@!@@@||@!!@@!@!||@!!!!@@!|	|@!@@@!@!||@!!@!@@@||@!!!!@@!|
|@!@@!@@@||@!!@!!!!||@!!!!@@!|	|@!@@!!!!||@!!@!@@@||@!!!!@@!|
|@!!@!@@@||@!!@@@@!||@!!@!@@!|	|@!!@@@@!||@!!@!@@@||@!!@!@@!|
|@!!@!@@@||@!!@@!@!||@!!@!@@!|	|@!!@@!@!||@!!@!@@@||@!!@!@@!|
|@!!@!@@@||@!!@!!!!||@!!@!@@!|	|@!!@!!!!||@!!@!@@@||@!!@!@@!|
|@!!@!@@@||@!!!!@@!||@!!@!@@!|	|@!!!!@@!||@!!@!@@@||@!!@!@@!|
|@!!@!@@@||@!!@@@@!||@!!!!@@!|	|@!!@@@@!||@!!@!@@@||@!!!!@@!|
|@!!@!@@@||@!!@@!@!||@!!!!@@!|	|@!!@@!@!||@!!@!@@@||@!!!!@@!|
|@!!@!@@@||@!!@!!!!||@!!!!@@!|	|@!!@!!!!||@!!@!@@@||@!!!!@@!|
%%%%%	### 無気記号
|@@!@@!@@||@!@@@@@!||@!!@!@@!|	|@!@@@@@!||@@!@@!@@||@!!@!@@!|
|@@!@@!@@||@!@@@!@!||@!!@!@@!|	|@!@@@!@!||@@!@@!@@||@!!@!@@!|
|@@!@@!@@||@!@@!!!!||@!!@!@@!|	|@!@@!!!!||@@!@@!@@||@!!@!@@!|
|@@!@@!@@||@!@!!@@!||@!!@!@@!|	|@!@!!@@!||@@!@@!@@||@!!@!@@!|
|@@!@@!@@||@!@@@@@!||@!!!!@@!|	|@!@@@@@!||@@!@@!@@||@!!!!@@!|
|@@!@@!@@||@!@@@!@!||@!!!!@@!|	|@!@@@!@!||@@!@@!@@||@!!!!@@!|
|@@!@@!@@||@!@@!!!!||@!!!!@@!|	|@!@@!!!!||@@!@@!@@||@!!!!@@!|
|@@!@@!@@||@!!@@@@!||@!!@!@@!|	|@!!@@@@!||@@!@@!@@||@!!@!@@!|
|@@!@@!@@||@!!@@!@!||@!!@!@@!|	|@!!@@!@!||@@!@@!@@||@!!@!@@!|
|@@!@@!@@||@!!@!!!!||@!!@!@@!|	|@!!@!!!!||@@!@@!@@||@!!@!@@!|
|@@!@@!@@||@!!!!@@!||@!!@!@@!|	|@!!!!@@!||@@!@@!@@||@!!@!@@!|
|@@!@@!@@||@!!@@@@!||@!!!!@@!|	|@!!@@@@!||@@!@@!@@||@!!!!@@!|
|@@!@@!@@||@!!@@!@!||@!!!!@@!|	|@!!@@!@!||@@!@@!@@||@!!!!@@!|
|@@!@@!@@||@!!@!!!!||@!!!!@@!|	|@!!@!!!!||@@!@@!@@||@!!!!@@!|
%%%%%	## アクセント記号循環 (mod 4)
|@@!@!!!!||@@!@!!!!||@@!@!!!!||@@!@!!!!|	
%%%%%	## 曲アクセントの符号を規格化
|@@!@@!!@||@@!@!!!!||@@!@!!!!||@@!@!!!!|	|@@!@@!!@ @@!@!!!!||@@!@!!!!||@@!@!!!!|
|@@!@!!!!||@@!@!!!!||@@!@!!!!|	|@@!@@!!@ @@!@!!!!||@@!@!!!!||@@!@!!!!|
%%%%%	# 符号,ギリシア文字
%%%%%	## 子音字
>@!@!@@@@ @!!!@@!!>	Ψ
>@!!!@@@@ @!!!@@!!>	ψ
>@!@!@@@@ @!!@!@@@>	Φ
>@!!!@@@@ @!!@!@@@>	φ
>@!@!@@@@>	Π
>@!!!@@@@>	π
>@!@@@@!@>	Β
>@!!@@@!@>	β
>@!@!@!@@ @!!@!@@@>	Θ
>@!!!@!@@ @!!@!@@@>	θ
>@!@!@!@@>	Τ
>@!!!@!@@>	τ
>@!@@@!@@>	Δ
>@!!@@!@@>	δ
>@!@!!@@@>	Ξ
>@!!!!@@@>	ξ
>@!@@!@!! @!!@!@@@>	Χ
>@!!@!@!! @!!@!@@@>	χ
>@!@@!@!!>	Κ
>@!!@!@!!>	κ
>@!@@@!!!>	Γ
>@!!@@!!!>	γ
>@!@@!!@!>	Μ
>@!!@!!@!>	μ
>@!@@!!!@>	Ν
>@!!@!!!@>	ν
>@!@@!!@@>	Λ
>@!!@!!@@>	λ
>@!@!@@!@ @!!@!@@@>	Ῥ
>@!!!@@!@ @!!@!@@@>	ῥ
>@!@!@@!@>	Ρ
>@!!!@@!@>	ρ
>@!!!@@!@ @@!@@!@@>	ῤ
>@!@!@@!!>	Σ
>@!!!@@!!>	ς
>@!!!@@!! @!@!!!!!>	σ
/ς(?=[^\s\.,:·;!])/	σ
>@!@!!@!@>	Ζ
>@!!!!@!@>	ζ
%%%%%	## 母音字
%%%%%	### 曲アクセント
>@!@@!@@@>>@!!@@@@!>>@@!@@!!@ @@!@!!!!>>@@!@!!!!>>@@!@!!!!>>@!!@!@@!>	ᾏ
>@!!@!@@@>>@!!@@@@!>>@@!@@!!@ @@!@!!!!>>@@!@!!!!>>@@!@!!!!>>@!!@!@@!>	ᾇ
>@!@@!@@@>>@!!@@@@!>>@@!@@!!@ @@!@!!!!>>@@!@!!!!>>@@!@!!!!>	Ἇ
>@!!@!@@@>>@!!@@@@!>>@@!@@!!@ @@!@!!!!>>@@!@!!!!>>@@!@!!!!>	ἇ
>@@!@@!@@>>@!@@@@@!>>@@!@@!!@ @@!@!!!!>>@@!@!!!!>>@@!@!!!!>>@!!@!@@!>	ᾎ
>@@!@@!@@>>@!!@@@@!>>@@!@@!!@ @@!@!!!!>>@@!@!!!!>>@@!@!!!!>>@!!@!@@!>	ᾆ
>@@!@@!@@>>@!@@@@@!>>@@!@@!!@ @@!@!!!!>>@@!@!!!!>>@@!@!!!!>	Ἆ
>@@!@@!@@>>@!!@@@@!>>@@!@@!!@ @@!@!!!!>>@@!@!!!!>>@@!@!!!!>	ἆ
>@!!@@@@!>>@@!@@!!@ @@!@!!!!>>@@!@!!!!>>@@!@!!!!>>@!!@!@@!>	ᾷ
>@!!@@@@!>>@@!@@!!@ @@!@!!!!>>@@!@!!!!>>@@!@!!!!>	ᾶ
>@!@@!@@@>>@!!@@!@!>>@@!@@!!@ @@!@!!!!>>@@!@!!!!>>@@!@!!!!>>@!!@!@@!>	ᾟ
>@!!@!@@@>>@!!@@!@!>>@@!@@!!@ @@!@!!!!>>@@!@!!!!>>@@!@!!!!>>@!!@!@@!>	ᾗ
>@!@@!@@@>>@!!@@!@!>>@@!@@!!@ @@!@!!!!>>@@!@!!!!>>@@!@!!!!>	Ἧ
>@!!@!@@@>>@!!@@!@!>>@@!@@!!@ @@!@!!!!>>@@!@!!!!>>@@!@!!!!>	ἧ
>@@!@@!@@>>@!@@@!@!>>@@!@@!!@ @@!@!!!!>>@@!@!!!!>>@@!@!!!!>>@!!@!@@!>	ᾞ
>@@!@@!@@>>@!!@@!@!>>@@!@@!!@ @@!@!!!!>>@@!@!!!!>>@@!@!!!!>>@!!@!@@!>	ᾖ
>@@!@@!@@>>@!@@@!@!>>@@!@@!!@ @@!@!!!!>>@@!@!!!!>>@@!@!!!!>	Ἦ
>@@!@@!@@>>@!!@@!@!>>@@!@@!!@ @@!@!!!!>>@@!@!!!!>>@@!@!!!!>	ἦ
>@!!@@!@!>>@@!@@!!@ @@!@!!!!>>@@!@!!!!>>@@!@!!!!>>@!!@!@@!>	ῇ
>@!!@@!@!>>@@!@@!!@ @@!@!!!!>>@@!@!!!!>>@@!@!!!!>	ῆ
>@!@@!@@@>>@!!@!@@!>>@@!@@!!@ @@!@!!!!>>@@!@!!!!>>@@!@!!!!>	Ἷ
>@!!@!@@@>>@!!@!@@!>>@@!@@!!@ @@!@!!!!>>@@!@!!!!>>@@!@!!!!>	ἷ
>@@!@@!@@>>@!@@!@@!>>@@!@@!!@ @@!@!!!!>>@@!@!!!!>>@@!@!!!!>	Ἶ
>@@!@@!@@>>@!!@!@@!>>@@!@@!!@ @@!@!!!!>>@@!@!!!!>>@@!@!!!!>	ἶ
>@@!@@@!@>>@!!@!@@!>>@@!@@!!@ @@!@!!!!>>@@!@!!!!>>@@!@!!!!>	ῗ
>@!!@!@@!>>@@!@@!!@ @@!@!!!!>>@@!@!!!!>>@@!@!!!!>	ῖ
>@!@@!@@@>>@!!@!!!!>>@@!@@!!@ @@!@!!!!>>@@!@!!!!>>@@!@!!!!>>@!!@!@@!>	ᾯ
>@!!@!@@@>>@!!@!!!!>>@@!@@!!@ @@!@!!!!>>@@!@!!!!>>@@!@!!!!>>@!!@!@@!>	ᾧ
>@!@@!@@@>>@!!@!!!!>>@@!@@!!@ @@!@!!!!>>@@!@!!!!>>@@!@!!!!>	Ὧ
>@!!@!@@@>>@!!@!!!!>>@@!@@!!@ @@!@!!!!>>@@!@!!!!>>@@!@!!!!>	ὧ
>@@!@@!@@>>@!@@!!!!>>@@!@@!!@ @@!@!!!!>>@@!@!!!!>>@@!@!!!!>>@!!@!@@!>	ᾮ
>@@!@@!@@>>@!!@!!!!>>@@!@@!!@ @@!@!!!!>>@@!@!!!!>>@@!@!!!!>>@!!@!@@!>	ᾦ
>@@!@@!@@>>@!@@!!!!>>@@!@@!!@ @@!@!!!!>>@@!@!!!!>>@@!@!!!!>	Ὦ
>@@!@@!@@>>@!!@!!!!>>@@!@@!!@ @@!@!!!!>>@@!@!!!!>>@@!@!!!!>	ὦ
>@!!@!!!!>>@@!@@!!@ @@!@!!!!>>@@!@!!!!>>@@!@!!!!>>@!!@!@@!>	ῷ
>@!!@!!!!>>@@!@@!!@ @@!@!!!!>>@@!@!!!!>>@@!@!!!!>	ῶ
>@!@@!@@@>>@!!!!@@!>>@@!@@!!@ @@!@!!!!>>@@!@!!!!>>@@!@!!!!>	Ὗ
>@!!@!@@@>>@!!!!@@!>>@@!@@!!@ @@!@!!!!>>@@!@!!!!>>@@!@!!!!>	ὗ
>@@!@@!@@>>@!!!!@@!>>@@!@@!!@ @@!@!!!!>>@@!@!!!!>>@@!@!!!!>	ὖ
>@@!@@@!@>>@!!!!@@!>>@@!@@!!@ @@!@!!!!>>@@!@!!!!>>@@!@!!!!>	ῧ
>@!!!!@@!>>@@!@@!!@ @@!@!!!!>>@@!@!!!!>>@@!@!!!!>	ῦ
%%%%%	### 重アクセント
%%%%%	#### 長母音
>@!@@!@@@>>@!!@@@@!>>@@!@@!!@>>@@!@!!!!>>@@!@!!!!>>@!!@!@@!>	ᾋ
>@!!@!@@@>>@!!@@@@!>>@@!@@!!@>>@@!@!!!!>>@@!@!!!!>>@!!@!@@!>	ᾃ
>@@!@@!@@>>@!@@@@@!>>@@!@@!!@>>@@!@!!!!>>@@!@!!!!>>@!!@!@@!>	ᾊ
>@@!@@!@@>>@!!@@@@!>>@@!@@!!@>>@@!@!!!!>>@@!@!!!!>>@!!@!@@!>	ᾂ
>@!!@@@@!>>@@!@@!!@>>@@!@!!!!>>@@!@!!!!>>@!!@!@@!>	ᾲ
>@!@@!@@@>>@!!@@!@!>>@@!@@!!@>>@@!@!!!!>>@@!@!!!!>>@!!@!@@!>	ᾛ
>@!!@!@@@>>@!!@@!@!>>@@!@@!!@>>@@!@!!!!>>@@!@!!!!>>@!!@!@@!>	ᾓ
>@!@@!@@@>>@!!@@!@!>>@@!@@!!@>>@@!@!!!!>>@@!@!!!!>	Ἣ
>@!!@!@@@>>@!!@@!@!>>@@!@@!!@>>@@!@!!!!>>@@!@!!!!>	ἣ
>@@!@@!@@>>@!@@@!@!>>@@!@@!!@>>@@!@!!!!>>@@!@!!!!>>@!!@!@@!>	ᾚ
>@@!@@!@@>>@!!@@!@!>>@@!@@!!@>>@@!@!!!!>>@@!@!!!!>>@!!@!@@!>	ᾒ
>@@!@@!@@>>@!@@@!@!>>@@!@@!!@>>@@!@!!!!>>@@!@!!!!>	Ἢ
>@@!@@!@@>>@!!@@!@!>>@@!@@!!@>>@@!@!!!!>>@@!@!!!!>	ἢ
>@!!@@!@!>>@@!@@!!@>>@@!@!!!!>>@@!@!!!!>>@!!@!@@!>	ῂ
>@!@@@!@!>>@@!@@!!@>>@@!@!!!!>>@@!@!!!!>	Ὴ
>@!!@@!@!>>@@!@@!!@>>@@!@!!!!>>@@!@!!!!>	ὴ
>@!@@!@@@>>@!!@!!!!>>@@!@@!!@>>@@!@!!!!>>@@!@!!!!>>@!!@!@@!>	ᾫ
>@!!@!@@@>>@!!@!!!!>>@@!@@!!@>>@@!@!!!!>>@@!@!!!!>>@!!@!@@!>	ᾣ
>@!@@!@@@>>@!!@!!!!>>@@!@@!!@>>@@!@!!!!>>@@!@!!!!>	Ὣ
>@!!@!@@@>>@!!@!!!!>>@@!@@!!@>>@@!@!!!!>>@@!@!!!!>	ὣ
>@@!@@!@@>>@!@@!!!!>>@@!@@!!@>>@@!@!!!!>>@@!@!!!!>>@!!@!@@!>	ᾪ
>@@!@@!@@>>@!!@!!!!>>@@!@@!!@>>@@!@!!!!>>@@!@!!!!>>@!!@!@@!>	ᾢ
>@@!@@!@@>>@!@@!!!!>>@@!@@!!@>>@@!@!!!!>>@@!@!!!!>	Ὢ
>@@!@@!@@>>@!!@!!!!>>@@!@@!!@>>@@!@!!!!>>@@!@!!!!>	ὢ
>@!!@!!!!>>@@!@@!!@>>@@!@!!!!>>@@!@!!!!>>@!!@!@@!>	ῲ
>@!@@!!!!>>@@!@@!!@>>@@!@!!!!>>@@!@!!!!>	Ὼ
>@!!@!!!!>>@@!@@!!@>>@@!@!!!!>>@@!@!!!!>	ὼ
%%%%%	#### 短母音
>@!@@!@@@>>@!!@@@@!>>@@!@!!!!>>@@!@!!!!>	Ἃ
>@!!@!@@@>>@!!@@@@!>>@@!@!!!!>>@@!@!!!!>	ἃ
>@@!@@!@@>>@!@@@@@!>>@@!@!!!!>>@@!@!!!!>	Ἂ
>@@!@@!@@>>@!!@@@@!>>@@!@!!!!>>@@!@!!!!>	ἂ
>@!@@@@@!>>@@!@!!!!>>@@!@!!!!>	Ὰ
>@!!@@@@!>>@@!@!!!!>>@@!@!!!!>	ὰ
>@!@@!@@@>>@!!@@!@!>>@@!@!!!!>>@@!@!!!!>	Ἓ
>@!!@!@@@>>@!!@@!@!>>@@!@!!!!>>@@!@!!!!>	ἓ
>@@!@@!@@>>@!@@@!@!>>@@!@!!!!>>@@!@!!!!>	Ἒ
>@@!@@!@@>>@!!@@!@!>>@@!@!!!!>>@@!@!!!!>	ἒ
>@!@@@!@!>>@@!@!!!!>>@@!@!!!!>	Ὲ
>@!!@@!@!>>@@!@!!!!>>@@!@!!!!>	ὲ
>@!@@!@@@>>@!!@!@@!>>@@!@!!!!>>@@!@!!!!>	Ἳ
>@!!@!@@@>>@!!@!@@!>>@@!@!!!!>>@@!@!!!!>	ἳ
>@@!@@!@@>>@!@@!@@!>>@@!@!!!!>>@@!@!!!!>	Ἲ
>@@!@@!@@>>@!!@!@@!>>@@!@!!!!>>@@!@!!!!>	ἲ
>@@!@@@!@>>@!!@!@@!>>@@!@!!!!>>@@!@!!!!>	ῒ
>@!@@!@@!>>@@!@!!!!>>@@!@!!!!>	Ὶ
>@!!@!@@!>>@@!@!!!!>>@@!@!!!!>	ὶ
>@!@@!@@@>>@!!@!!!!>>@@!@!!!!>>@@!@!!!!>	Ὃ
>@!!@!@@@>>@!!@!!!!>>@@!@!!!!>>@@!@!!!!>	ὃ
>@@!@@!@@>>@!@@!!!!>>@@!@!!!!>>@@!@!!!!>	Ὂ
>@@!@@!@@>>@!!@!!!!>>@@!@!!!!>>@@!@!!!!>	ὂ
>@!@@!!!!>>@@!@!!!!>>@@!@!!!!>	Ὸ
>@!!@!!!!>>@@!@!!!!>>@@!@!!!!>	ὸ
>@!@@!@@@>>@!!!!@@!>>@@!@!!!!>>@@!@!!!!>	Ὓ
>@!!@!@@@>>@!!!!@@!>>@@!@!!!!>>@@!@!!!!>	ὓ
>@@!@@!@@>>@!!!!@@!>>@@!@!!!!>>@@!@!!!!>	ὒ
>@@!@@@!@>>@!!!!@@!>>@@!@!!!!>>@@!@!!!!>	ῢ
>@!@!!@@!>>@@!@!!!!>>@@!@!!!!>	Ὺ
>@!!!!@@!>>@@!@!!!!>>@@!@!!!!>	ὺ
%%%%%	### 鋭アクセント
%%%%%	#### 長母音
>@!@@!@@@>>@!!@@@@!>>@@!@@!!@>>@@!@!!!!>>@!!@!@@!>	ᾍ
>@!!@!@@@>>@!!@@@@!>>@@!@@!!@>>@@!@!!!!>>@!!@!@@!>	ᾅ
>@@!@@!@@>>@!@@@@@!>>@@!@@!!@>>@@!@!!!!>>@!!@!@@!>	ᾌ
>@@!@@!@@>>@!!@@@@!>>@@!@@!!@>>@@!@!!!!>>@!!@!@@!>	ᾄ
>@!!@@@@!>>@@!@@!!@>>@@!@!!!!>>@!!@!@@!>	ᾴ
>@!@@!@@@>>@!!@@!@!>>@@!@@!!@>>@@!@!!!!>>@!!@!@@!>	ᾝ
>@!!@!@@@>>@!!@@!@!>>@@!@@!!@>>@@!@!!!!>>@!!@!@@!>	ᾕ
>@!@@!@@@>>@!!@@!@!>>@@!@@!!@>>@@!@!!!!>	Ἥ
>@!!@!@@@>>@!!@@!@!>>@@!@@!!@>>@@!@!!!!>	ἥ
>@@!@@!@@>>@!@@@!@!>>@@!@@!!@>>@@!@!!!!>>@!!@!@@!>	ᾜ
>@@!@@!@@>>@!!@@!@!>>@@!@@!!@>>@@!@!!!!>>@!!@!@@!>	ᾔ
>@@!@@!@@>>@!@@@!@!>>@@!@@!!@>>@@!@!!!!>	Ἤ
>@@!@@!@@>>@!!@@!@!>>@@!@@!!@>>@@!@!!!!>	ἤ
>@!!@@!@!>>@@!@@!!@>>@@!@!!!!>>@!!@!@@!>	ῄ
>@!@@@!@!>>@@!@@!!@>>@@!@!!!!>	Ή
>@!!@@!@!>>@@!@@!!@>>@@!@!!!!>	ή
>@!@@!@@@>>@!!@!!!!>>@@!@@!!@>>@@!@!!!!>>@!!@!@@!>	ᾭ
>@!!@!@@@>>@!!@!!!!>>@@!@@!!@>>@@!@!!!!>>@!!@!@@!>	ᾥ
>@!@@!@@@>>@!!@!!!!>>@@!@@!!@>>@@!@!!!!>	Ὥ
>@!!@!@@@>>@!!@!!!!>>@@!@@!!@>>@@!@!!!!>	ὥ
>@@!@@!@@>>@!@@!!!!>>@@!@@!!@>>@@!@!!!!>>@!!@!@@!>	ᾬ
>@@!@@!@@>>@!!@!!!!>>@@!@@!!@>>@@!@!!!!>>@!!@!@@!>	ᾤ
>@@!@@!@@>>@!@@!!!!>>@@!@@!!@>>@@!@!!!!>	Ὤ
>@@!@@!@@>>@!!@!!!!>>@@!@@!!@>>@@!@!!!!>	ὤ
>@!!@!!!!>>@@!@@!!@>>@@!@!!!!>>@!!@!@@!>	ῴ
>@!@@!!!!>>@@!@@!!@>>@@!@!!!!>	Ώ
>@!!@!!!!>>@@!@@!!@>>@@!@!!!!>	ώ
%%%%%	#### 短母音
>@!@@!@@@>>@!!@@@@!>>@@!@!!!!>	Ἅ
>@!!@!@@@>>@!!@@@@!>>@@!@!!!!>	ἅ
>@@!@@!@@>>@!@@@@@!>>@@!@!!!!>	Ἄ
>@@!@@!@@>>@!!@@@@!>>@@!@!!!!>	ἄ
>@!@@@@@!>>@@!@!!!!>	Ά
>@!!@@@@!>>@@!@!!!!>	ά
>@!@@!@@@>>@!!@@!@!>>@@!@!!!!>	Ἕ
>@!!@!@@@>>@!!@@!@!>>@@!@!!!!>	ἕ
>@@!@@!@@>>@!@@@!@!>>@@!@!!!!>	Ἔ
>@@!@@!@@>>@!!@@!@!>>@@!@!!!!>	ἔ
>@!@@@!@!>>@@!@!!!!>	Έ
>@!!@@!@!>>@@!@!!!!>	έ
>@!@@!@@@>>@!!@!@@!>>@@!@!!!!>	Ἵ
>@!!@!@@@>>@!!@!@@!>>@@!@!!!!>	ἵ
>@@!@@!@@>>@!@@!@@!>>@@!@!!!!>	Ἴ
>@@!@@!@@>>@!!@!@@!>>@@!@!!!!>	ἴ
>@@!@@@!@>>@!!@!@@!>>@@!@!!!!>	ΐ
>@!@@!@@!>>@@!@!!!!>	Ί
>@!!@!@@!>>@@!@!!!!>	ί
>@!@@!@@@>>@!!@!!!!>>@@!@!!!!>	Ὅ
>@!!@!@@@>>@!!@!!!!>>@@!@!!!!>	ὅ
>@@!@@!@@>>@!@@!!!!>>@@!@!!!!>	Ὄ
>@@!@@!@@>>@!!@!!!!>>@@!@!!!!>	ὄ
>@!@@!!!!>>@@!@!!!!>	Ό
>@!!@!!!!>>@@!@!!!!>	ό
>@!@@!@@@>>@!!!!@@!>>@@!@!!!!>	Ὕ
>@!!@!@@@>>@!!!!@@!>>@@!@!!!!>	ὕ
>@@!@@!@@>>@!!!!@@!>>@@!@!!!!>	ὔ
>@@!@@@!@>>@!!!!@@!>>@@!@!!!!>	ΰ
>@!@!!@@!>>@@!@!!!!>	Ύ
>@!!!!@@!>>@@!@!!!!>	ύ
%%%%%	### 無アクセント
%%%%%	#### 長母音
>@!@@!@@@>>@!!@@@@!>>@@!@@!!@>>@!!@!@@!>	ᾉ
>@!!@!@@@>>@!!@@@@!>>@@!@@!!@>>@!!@!@@!>	ᾁ
>@@!@@!@@>>@!@@@@@!>>@@!@@!!@>>@!!@!@@!>	ᾈ
>@@!@@!@@>>@!!@@@@!>>@@!@@!!@>>@!!@!@@!>	ᾀ
>@!@@@@@!>>@@!@@!!@>>@!!@!@@!>	ᾼ
>@!!@@@@!>>@@!@@!!@>>@!!@!@@!>	ᾳ
>@!@@@@@!>>@@!@@!!@>	Ᾱ
>@!!@@@@!>>@@!@@!!@>	ᾱ
>@!@@!@@@>>@!!@@!@!>>@@!@@!!@>>@!!@!@@!>	ᾙ
>@!!@!@@@>>@!!@@!@!>>@@!@@!!@>>@!!@!@@!>	ᾑ
>@!@@!@@@>>@!!@@!@!>>@@!@@!!@>	Ἡ
>@!!@!@@@>>@!!@@!@!>>@@!@@!!@>	ἡ
>@@!@@!@@>>@!@@@!@!>>@@!@@!!@>>@!!@!@@!>	ᾘ
>@@!@@!@@>>@!!@@!@!>>@@!@@!!@>>@!!@!@@!>	ᾐ
>@@!@@!@@>>@!@@@!@!>>@@!@@!!@>	Ἠ
>@@!@@!@@>>@!!@@!@!>>@@!@@!!@>	ἠ
>@!@@@!@!>>@@!@@!!@>>@!!@!@@!>	ῌ
>@!!@@!@!>>@@!@@!!@>>@!!@!@@!>	ῃ
>@!@@@!@!>>@@!@@!!@>	Η
>@!!@@!@!>>@@!@@!!@>	η
>@!@@!@@!>>@@!@@!!@>	Ῑ
>@!!@!@@!>>@@!@@!!@>	ῑ
>@!@@!@@@>>@!!@!!!!>>@@!@@!!@>>@!!@!@@!>	ᾩ
>@!!@!@@@>>@!!@!!!!>>@@!@@!!@>>@!!@!@@!>	ᾡ
>@!@@!@@@>>@!!@!!!!>>@@!@@!!@>	Ὡ
>@!!@!@@@>>@!!@!!!!>>@@!@@!!@>	ὡ
>@@!@@!@@>>@!@@!!!!>>@@!@@!!@>>@!!@!@@!>	ᾨ
>@@!@@!@@>>@!!@!!!!>>@@!@@!!@>>@!!@!@@!>	ᾠ
>@@!@@!@@>>@!@@!!!!>>@@!@@!!@>	Ὠ
>@@!@@!@@>>@!!@!!!!>>@@!@@!!@>	ὠ
>@!@@!!!!>>@@!@@!!@>>@!!@!@@!>	ῼ
>@!!@!!!!>>@@!@@!!@>>@!!@!@@!>	ῳ
>@!@@!!!!>>@@!@@!!@>	Ω
>@!!@!!!!>>@@!@@!!@>	ω
>@!@!!@@!>>@@!@@!!@>	Ῡ
>@!!!!@@!>>@@!@@!!@>	ῡ
%%%%%	#### 短母音
>@!@@@@@!>>@!@!!!!!>	Ᾰ
>@!!@@@@!>>@!@!!!!!>	ᾰ
>@!@@!@@@>>@!!@@@@!>	Ἁ
>@!!@!@@@>>@!!@@@@!>	ἁ
>@@!@@!@@>>@!@@@@@!>	Ἀ
>@@!@@!@@>>@!!@@@@!>	ἀ
>@!@@@@@!>	Α
>@!!@@@@!>	α
>@!@@!@@@>>@!!@@!@!>	Ἑ
>@!!@!@@@>>@!!@@!@!>	ἑ
>@@!@@!@@>>@!@@@!@!>	Ἐ
>@@!@@!@@>>@!!@@!@!>	ἐ
>@!@@@!@!>	Ε
>@!!@@!@!>	ε
>@!@@!@@!>>@!@!!!!!>	Ῐ
>@!!@!@@!>>@!@!!!!!>	ῐ
>@!@@!@@@>>@!!@!@@!>	Ἱ
>@!!@!@@@>>@!!@!@@!>	ἱ
>@@!@@!@@>>@!@@!@@!>	Ἰ
>@@!@@!@@>>@!!@!@@!>	ἰ
>@@!@@@!@>>@!@@!@@!>	Ϊ
>@@!@@@!@>>@!!@!@@!>	ϊ
>@!@@!@@!>	Ι
>@!!@!@@!>	ι
>@!@@!@@@>>@!!@!!!!>	Ὁ
>@!!@!@@@>>@!!@!!!!>	ὁ
>@@!@@!@@>>@!@@!!!!>	Ὀ
>@@!@@!@@>>@!!@!!!!>	ὀ
>@!@@!!!!>	Ο
>@!!@!!!!>	ο
>@!@!!@@!>>@!@!!!!!>	Ῠ
>@!!!!@@!>>@!@!!!!!>	ῠ
>@!@@!@@@>>@!!!!@@!>	Ὑ
>@!!@!@@@>>@!!!!@@!>	ὑ
>@@!@@!@@>>@!!!!@@!>	ὐ
>@@!@@@!@>>@!@!!@@!>	Ϋ
>@@!@@@!@>>@!!!!@@!>	ϋ
>@!@!!@@!>	Υ
>@!!!!@@!>	υ
%%%%%	## 句読点
'	’
;	·
?	;
%%%%%	## ダイアクリティカル・マーク等
>@!@@!@@@>	῾
>@!!@!@@@>	῾
>@@!@@!@@>	
>@@!@@!!@>	ˉ
>@@!@@!!@ @@!@!!!!>>@@!@!!!!>>@@!@!!!!>	῀
>@@!@!!!!>>@@!@!!!!>	`
>@@!@!!!!>	΄
>@@!@@@!@>	¨
%%%%%	# 処理開始,終了フラグ
<	|
|	>
